Quantidade,0.0
Valor,-186.22000000000003
Taxa,-28.759999999999994
Total,-214.98000000000138
